Players,,KTPR,Matches,Att.,Flags,Kills,Deaths,K/D Ratio,Kills/Match,Kills/Half,Deaths/Match,Deaths/Half,Flags/Match,Flags/Half,Player Team,Class
Gaul,1,1.38,7,88%,73,452,384,1.18,64.6,32.3,54.9,27.4,10.4,5.2,GSKILL,RIFLE
NoName,1,1.35,8,100%,103,487,370,1.32,60.9,30.4,46.3,23.1,12.9,6.4,OVER,RIFLE
Sz,1,1.30,8,100%,102,478,411,1.16,59.8,29.9,51.4,25.7,12.8,6.4,OVER,HEAVY
taylor,1,1.27,8,100%,142,465,387,1.20,58.1,29.1,48.4,24.2,17.8,8.9,GSKILL,HEAVY
Nightmare,1,1.22,7,88%,99,366,215,1.70,52.3,26.1,30.7,15.4,14.1,7.1,OVER,SNIPER
devin,1,1.22,8,100%,155,445,391,1.14,55.6,27.8,48.9,24.4,19.4,9.7,OVER,3RD RIFLE
kAFRE,1,1.20,8,100%,127,434,377,1.15,54.3,27.1,47.1,23.6,15.9,7.9,OVER,HEAVY
gorilla,1,1.16,8,100%,101,454,434,1.05,56.8,28.4,54.3,27.1,12.6,6.3,DICE,UTILITY
motiv,1,1.13,8,100%,77,405,341,1.19,50.6,25.3,42.6,21.3,9.6,4.8,GSKILL,SNIPER
toxinatoR,1,1.13,8,100%,106,407,364,1.12,50.9,25.4,45.5,22.8,13.3,6.6,ICYHOT,3RD RIFLE
sik,1,1.12,8,100%,69,415,384,1.08,51.9,25.9,48.0,24.0,8.6,4.3,ICYHOT,RIFLE
kanguhhh,1,1.11,8,100%,75,402,366,1.10,50.3,25.1,45.8,22.9,9.4,4.7,ICYHOT,HEAVY
nicholson,1,1.11,8,100%,56,393,316,1.24,49.1,24.6,39.5,19.8,7.0,3.5,ASS RACCOONS,SNIPER
element,1,1.11,8,100%,113,452,446,1.01,56.5,28.3,55.8,27.9,14.1,7.1,DICE,RIFLE
JaGGoN,1,1.11,8,100%,96,393,330,1.19,49.1,24.6,41.3,20.6,12.0,6.0,GSKILL,RIFLE
chi,1,1.09,6,75%,43,312,295,1.06,52.0,26.0,49.2,24.6,7.2,3.6,OVER,RIFLE
hildebrand,1,1.06,7,88%,92,328,285,1.15,46.9,23.4,40.7,20.4,13.1,6.6,ICYHOT,SNIPER
Leoo,1,1.03,8,100%,57,419,417,1.00,52.4,26.2,52.1,26.1,7.1,3.6,ASS RACCOONS,RIFLE
seanality,1,1.02,7,88%,73,374,381,0.98,53.4,26.7,54.4,27.2,10.4,5.2,ICYHOT,RIFLE
tilljim,1,0.97,6,75%,53,313,327,0.96,52.2,26.1,54.5,27.3,8.8,4.4,ASS RACCOONS,RIFLE
dyeLife,1,0.89,8,100%,90,428,489,0.88,53.5,26.8,61.1,30.6,11.3,5.6,DICE,UTILITY
muresan,1,0.86,8,100%,87,415,476,0.87,51.9,25.9,59.5,29.8,10.9,5.4,CLINIC,HEAVY
stealth,1,0.84,8,100%,95,389,438,0.89,48.6,24.3,54.8,27.4,11.9,5.9,DICE,UTILITY
kroD,1,0.83,8,100%,98,388,439,0.88,48.5,24.3,54.9,27.4,12.3,6.1,ASS RACCOONS,HEAVY
paintball,1,0.83,8,100%,75,411,483,0.85,51.4,25.7,60.4,30.2,9.4,4.7,CLINIC,RIFLE
teamowner,1,0.81,8,100%,155,372,418,0.89,46.5,23.3,52.3,26.1,19.4,9.7,GSKILL,3RD RIFLE
tomfoolery,1,0.81,7,88%,45,307,325,0.94,43.9,21.9,46.4,23.2,6.4,3.2,CLINIC,SNIPER
beas,1,0.75,6,75%,81,254,285,0.89,42.3,21.2,47.5,23.8,13.5,6.8,ICYHOT,HEAVY
k4b00m,1,0.75,7,88%,62,307,354,0.87,43.9,21.9,50.6,25.3,8.9,4.4,DICE,UTILITY
swave,1,0.65,8,100%,83,353,462,0.76,44.1,22.1,57.8,28.9,10.4,5.2,CLINIC,UTILITY
prostar,1,0.62,8,100%,100,322,414,0.78,40.3,20.1,51.8,25.9,12.5,6.3,ASS RACCOONS,HEAVY
warchyld,1,0.47,7,88%,89,264,409,0.65,37.7,18.9,58.4,29.2,12.7,6.4,DICE,UTILITY
incite,1,0.44,8,100%,94,302,489,0.62,37.8,18.9,61.1,30.6,11.8,5.9,ASS RACCOONS,3RD RIFLE
,,,PLAYERS     WITH     LESS     THAN     66%     ATTENDANCE,,,,,,,,,,,,,
milo,1,1.28,4,50%,53,234,192,1.22,58.5,29.3,48.0,24.0,13.3,6.6,GSKILL,HEAVY
dbo,1,1.09,4,50%,56,225,224,1.00,56.3,28.1,56.0,28.0,14.0,7.0,CLINIC,UTILITY
riveroyster,1,1.05,2,25%,11,100,93,1.08,50.0,25.0,46.5,23.3,5.5,2.8,DICE,SNIPER
empy,1,0.95,1,13%,8,50,52,0.96,50.0,25.0,52.0,26.0,8.0,4.0,ASS RACCOONS,RIFLE
linus,1,0.94,1,13%,8,51,54,0.94,51.0,25.5,54.0,27.0,8.0,4.0,GSKILL,RIFLE
savage,1,0.88,4,50%,38,162,154,1.05,40.5,20.3,38.5,19.3,9.5,4.8,GSKILL,RIFLE
cK,1,0.79,2,25%,42,91,103,0.88,45.5,22.8,51.5,25.8,11.0,5.5,OVER,RIFLE
candyman,1,0.77,5,63%,64,235,277,0.85,47.0,23.5,55.4,27.7,12.8,6.4,CLINIC,3RD RIFLE
jules,1,0.75,2,25%,8,85,88,0.97,42.5,21.3,44.0,22.0,4.0,2.0,ICYHOT,HEAVY
allen,1,0.62,3,38%,34,143,202,0.71,47.7,23.8,67.3,33.7,11.3,5.7,CLINIC,UTILITY
insom,1,0.57,5,63%,38,215,305,0.70,43.0,21.5,61.0,30.5,7.6,3.8,CLINIC,RIFLE
mataenanos,1,0.32,1,13%,7,31,57,0.54,31.0,15.5,57.0,28.5,7.0,3.5,OVER,SNIPER
tea,1,0.30,1,13%,20,34,71,0.48,34.0,17.0,71.0,35.5,20.0,10.0,ICYHOT,3RD RIFLE
defrag,1,0.18,1,13%,9,28,78,0.36,28.0,14.0,78.0,39.0,9.0,4.5,ASS RACCOONS,3RD RIFLE
